"scale","Entropy"
"good_excellent",4.84141070573805
"liked_loved",3.52446489907948
"memorable_unforgettable",4.96453596171684
"palatable_delicious",5.18334765718812
"some_all",3.74333361561067
